"file","start_time","end_time","background","gc","mm","sc","predict_group","MT_background","MT_gc","MT_mm","MT_sc","Folder","AudioMoth","WAV_name","WAV_date","WAV_time","start_gap","clip_start_clock","clip_end_clock","clip_start_hour","start_gap_1min","start_5min","start_55min","start_30min","row_number","Original_folder","Path_original"
"U_Vietnam_Phase_1-2/AU02/20211022_223005.WAV",3485,3490,-1.1686698,-6.2526207,-4.3723116,1.0558574,"sc","non-background","non-gc","non-mm","sc","U_Vietnam_Phase_1-2","AU02","20211022_223005.WAV",2021-10-23,"05:30:05","00:58:05","06:28:10","06:28:15",6,58,55,9999,30,1729666,"Phase_1-2","Phase_1-2/AU02/20211022_223005.WAV"
"U_Vietnam_Phase_1-2/AU20/20211110_233010.WAV",25,30,-9.109282,-5.7082458,3.6091647,-3.5444372,"mm","non-background","non-gc","mm","non-sc","U_Vietnam_Phase_1-2","AU20","20211110_233010.WAV",2021-11-11,"06:30:10","00:00:25","06:30:35","06:30:40",6,0,0,0,0,7414919,"Phase_1-2","Phase_1-2/AU20/20211110_233010.WAV"
"U_Vietnam_Phase_1-2/AU37/20211116_000002.WAV",3075,3080,-0.07844327,1.6438577,-9.102429,-5.2540917,"gc","non-background","gc","non-mm","non-sc","U_Vietnam_Phase_1-2","AU37","20211116_000002.WAV",2021-11-16,"07:00:02","00:51:15","07:51:17","07:51:22",7,51,50,0,30,14225959,"Phase_1-2","Phase_1-2/AU37/20211116_000002.WAV"
"China_side/10/20220113_010000.WAV",1135,1140,-3.0993657,2.082497,-6.2684355,-3.3770063,"gc","non-background","gc","non-mm","non-sc","China_side","10","20220113_010000.WAV",2022-01-13,"08:00:00","00:18:55","08:18:55","08:19:00",8,18,15,0,0,1518731,"China_side","China_side/10/20220113_010000.WAV"
"U_Vietnam_Phase_1-2/AU33/20211023_000002.WAV",3030,3035,-1.8111402,-6.4599805,-3.8348265,1.4937445,"sc","non-background","non-gc","non-mm","sc","U_Vietnam_Phase_1-2","AU33","20211023_000002.WAV",2021-10-23,"07:00:02","00:50:30","07:50:32","07:50:37",7,50,50,0,30,13332601,"Phase_1-2","Phase_1-2/AU33/20211023_000002.WAV"
"Vietnam_Phase_3/AU03/20220119_000002.WAV",1615,1620,-5.3241334,-8.8222685,5.24424,-8.556876,"mm","non-background","non-gc","mm","non-sc","Vietnam_Phase_3","AU03","20220119_000002.WAV",2022-01-19,"07:00:02","00:26:55","07:26:57","07:27:02",7,26,25,0,0,4402308,"Phase_3","Phase_3/AU03/20220119_000002.WAV"
"U_Vietnam_Phase_1-2/AU35/20211102_030015.WAV",2925,2930,-1.4254793,1.6880854,-9.12899,-4.1656494,"gc","non-background","gc","non-mm","non-sc","U_Vietnam_Phase_1-2","AU35","20211102_030015.WAV",2021-11-02,"10:00:15","00:48:45","10:49:00","10:49:05",10,48,45,0,30,13804421,"Phase_1-2","Phase_1-2/AU35/20211102_030015.WAV"
"China_side/04/20211222_000002.WAV",265,270,-3.9447818,-6.9723125,3.5417488,-5.322536,"mm","non-background","non-gc","mm","non-sc","China_side","04","20211222_000002.WAV",2021-12-22,"07:00:02","00:04:25","07:04:27","07:04:32",7,4,0,0,0,399319,"China_side","China_side/04/20211222_000002.WAV"
"Vietnam_Phase_3/AU11/20220116_010005.WAV",2340,2345,-1.6724359,1.7085831,-10.179459,-4.1135273,"gc","non-background","gc","non-mm","non-sc","Vietnam_Phase_3","AU11","20220116_010005.WAV",2022-01-16,"08:00:05","00:39:00","08:39:05","08:39:10",8,39,35,0,30,5971617,"Phase_3","Phase_3/AU11/20220116_010005.WAV"
"Vietnam_Phase_3/AU16/20220116_010005.WAV",3450,3455,-2.8924015,2.1034102,-9.059304,-3.3783343,"gc","non-background","gc","non-mm","non-sc","Vietnam_Phase_3","AU16","20220116_010005.WAV",2022-01-16,"08:00:05","00:57:30","08:57:35","08:57:40",8,57,55,9999,30,10101681,"Phase_3","Phase_3/AU16/20220116_010005.WAV"
"Vietnam_Phase_3/AU12/20220116_020010.WAV",990,995,-1.5603253,2.01103,-8.064138,-4.2099276,"gc","non-background","gc","non-mm","non-sc","Vietnam_Phase_3","AU12","20220116_020010.WAV",2022-01-16,"09:00:10","00:16:30","09:16:40","09:16:45",9,16,15,0,0,9215350,"Phase_3","Phase_3/AU12/20220116_020010.WAV"
"Vietnam_Phase_3/AU03/20220121_040020.WAV",1290,1295,-0.38723886,1.6217766,-8.463309,-4.9294753,"gc","non-background","gc","non-mm","non-sc","Vietnam_Phase_3","AU03","20220121_040020.WAV",2022-01-21,"11:00:20","00:21:30","11:21:50","11:21:55",11,21,20,0,0,4415908,"Phase_3","Phase_3/AU03/20220121_040020.WAV"
"Vietnam_Phase_3/AU34/20220124_000002.WAV",865,870,-3.5140917,-4.5323577,2.6965969,-4.8686547,"mm","non-background","non-gc","mm","non-sc","Vietnam_Phase_3","AU34","20220124_000002.WAV",2022-01-24,"07:00:02","00:14:25","07:14:27","07:14:32",7,14,10,0,0,16623149,"Phase_3","Phase_3/AU34/20220124_000002.WAV"
"China_side/10/20220112_223000.WAV",255,260,-2.3100576,1.6948586,-6.094475,-3.4681132,"gc","non-background","gc","non-mm","non-sc","China_side","10","20220112_223000.WAV",2022-01-13,"05:30:00","00:04:15","05:34:15","05:34:20",5,4,0,0,0,1516758,"China_side","China_side/10/20220112_223000.WAV"
"U_Vietnam_Phase_1-2/AU11/20211025_000002.WAV",535,540,-6.3634715,-10.459882,-9.634541,6.447496,"sc","non-background","non-gc","non-mm","sc","U_Vietnam_Phase_1-2","AU11","20211025_000002.WAV",2021-10-25,"07:00:02","00:08:55","07:08:57","07:09:02",7,8,5,0,0,3400042,"Phase_1-2","Phase_1-2/AU11/20211025_000002.WAV"
"U_Vietnam_Phase_1-2/AU39/20211030_040020.WAV",1705,1710,5.7527995,-9.791166,-8.611405,-5.4146385,"background","background","non-gc","non-mm","non-sc","U_Vietnam_Phase_1-2","AU39","20211030_040020.WAV",2021-10-30,"11:00:20","00:28:25","11:28:45","11:28:50",11,28,25,0,0,14503565,"Phase_1-2","Phase_1-2/AU39/20211030_040020.WAV"
"U_Vietnam_Phase_1-2/AU08/20211112_010005.WAV",1985,1990,-1.7946004,-7.994693,2.896727,-9.085681,"mm","non-background","non-gc","mm","non-sc","U_Vietnam_Phase_1-2","AU08","20211112_010005.WAV",2021-11-12,"08:00:05","00:33:05","08:33:10","08:33:15",8,33,30,0,30,3057922,"Phase_1-2","Phase_1-2/AU08/20211112_010005.WAV"
"U_Vietnam_Phase_1-2/AU14/20211118_030015.WAV",2445,2450,-3.4156115,-4.6889505,-3.4386764,2.3468924,"sc","non-background","non-gc","non-mm","sc","U_Vietnam_Phase_1-2","AU14","20211118_030015.WAV",2021-11-18,"10:00:15","00:40:45","10:41:00","10:41:05",10,40,40,0,30,6373236,"Phase_1-2","Phase_1-2/AU14/20211118_030015.WAV"
"U_Vietnam_Phase_1-2/AU20/20211023_000002.WAV",290,295,-1.4128476,-7.065805,1.7818866,-6.1371064,"mm","non-background","non-gc","mm","non-sc","U_Vietnam_Phase_1-2","AU20","20211023_000002.WAV",2021-10-23,"07:00:02","00:04:50","07:04:52","07:04:57",7,4,0,0,0,7312863,"Phase_1-2","Phase_1-2/AU20/20211023_000002.WAV"
"U_Vietnam_Phase_1-2/AU15/20211020_030015.WAV",3270,3275,9.314323,-12.273106,-11.1913185,-8.963805,"background","background","non-gc","non-mm","non-sc","U_Vietnam_Phase_1-2","AU15","20211020_030015.WAV",2021-10-20,"10:00:15","00:54:30","10:54:45","10:54:50",10,54,50,0,30,6425175,"Phase_1-2","Phase_1-2/AU15/20211020_030015.WAV"
"Vietnam_Phase_3/AU37/20211225_213000.WAV",245,250,-1.4913505,2.5225017,-8.608877,-4.833113,"gc","non-background","gc","non-mm","non-sc","Vietnam_Phase_3","AU37","20211225_213000.WAV",2021-12-26,"04:30:00","00:04:05","04:34:05","04:34:10",4,4,0,0,0,17144998,"Phase_3","Phase_3/AU37/20211225_213000.WAV"
"Vietnam_Phase_3/AU11/20220116_000002.WAV",2435,2440,-2.0311894,1.5879405,-9.634233,-3.5603473,"gc","non-background","gc","non-mm","non-sc","Vietnam_Phase_3","AU11","20220116_000002.WAV",2022-01-16,"07:00:02","00:40:35","07:40:37","07:40:42",7,40,40,0,30,5970917,"Phase_3","Phase_3/AU11/20220116_000002.WAV"
"U_Vietnam_Phase_1-2/AU12/20211029_010005.WAV",125,130,-1.9315665,1.998119,-7.532696,-3.853099,"gc","non-background","gc","non-mm","non-sc","U_Vietnam_Phase_1-2","AU12","20211029_010005.WAV",2021-10-29,"08:00:05","00:02:05","08:02:10","08:02:15",8,2,0,0,0,3617870,"Phase_1-2","Phase_1-2/AU12/20211029_010005.WAV"
"U_Vietnam_Phase_1-2/AU02/20211104_223005.WAV",2295,2300,-3.6485982,-5.7769365,2.8760571,-4.221663,"mm","non-background","non-gc","mm","non-sc","U_Vietnam_Phase_1-2","AU02","20211104_223005.WAV",2021-11-05,"05:30:05","00:38:15","06:08:20","06:08:25",6,38,35,0,30,1799537,"Phase_1-2","Phase_1-2/AU02/20211104_223005.WAV"
"U_Vietnam_Phase_1-2/AU07/20211123_223005.WAV",1975,1980,-7.6886826,-8.88992,6.4413147,-7.463381,"mm","non-background","non-gc","mm","non-sc","U_Vietnam_Phase_1-2","AU07","20211123_223005.WAV",2021-11-24,"05:30:05","00:32:55","06:03:00","06:03:05",6,32,30,0,30,2911123,"Phase_1-2","Phase_1-2/AU07/20211123_223005.WAV"
"Vietnam_Phase_3/AU07/20211214_010005.WAV",255,260,4.468871,-8.436793,-7.2848344,-4.3470325,"background","background","non-gc","non-mm","non-sc","Vietnam_Phase_3","AU07","20211214_010005.WAV",2021-12-14,"08:00:05","00:04:15","08:04:20","08:04:25",8,4,0,0,0,5050120,"Phase_3","Phase_3/AU07/20211214_010005.WAV"
"Vietnam_Phase_3/P01/20211219_040020.WAV",125,130,-0.80671555,-6.1480484,-4.0890646,0.38414332,"sc","non-background","non-gc","non-mm","sc","Vietnam_Phase_3","P01","20211219_040020.WAV",2021-12-19,"11:00:20","00:02:05","11:02:25","11:02:30",11,2,0,0,0,18212449,"Phase_3","Phase_3/P01/20211219_040020.WAV"
"Vietnam_Phase_3/LP27/20220104_213000.WAV",1775,1780,4.4314394,-7.968557,-6.8598833,-4.1397166,"background","background","non-gc","non-mm","non-sc","Vietnam_Phase_3","LP27","20220104_213000.WAV",2022-01-05,"04:30:00","00:29:35","04:59:35","04:59:40",4,29,25,0,0,18165745,"Phase_3","Phase_3/LP27/20220104_213000.WAV"
"Vietnam_Phase_3/AU19/20211218_233010.WAV",675,680,-5.8404665,-7.74364,4.0122075,-4.619742,"mm","non-background","non-gc","mm","non-sc","Vietnam_Phase_3","AU19","20211218_233010.WAV",2021-12-19,"06:30:10","00:11:15","06:41:25","06:41:30",6,11,10,0,0,10599567,"Phase_3","Phase_3/AU19/20211218_233010.WAV"
"U_Vietnam_Phase_1-2/AU31/20211110_010005.WAV",1710,1715,-2.0112722,-5.2112536,-2.1594844,0.64166254,"sc","non-background","non-gc","non-mm","sc","U_Vietnam_Phase_1-2","AU31","20211110_010005.WAV",2021-11-10,"08:00:05","00:28:30","08:28:35","08:28:40",8,28,25,0,0,13012360,"Phase_1-2","Phase_1-2/AU31/20211110_010005.WAV"
"U_Vietnam_Phase_1-2/AU31/20211118_223005.WAV",840,845,-1.9640235,-6.0837355,-3.1860638,0.82544726,"sc","non-background","non-gc","non-mm","sc","U_Vietnam_Phase_1-2","AU31","20211118_223005.WAV",2021-11-19,"05:30:05","00:14:00","05:44:05","05:44:10",5,14,10,0,0,13058926,"Phase_1-2","Phase_1-2/AU31/20211118_223005.WAV"
"U_Vietnam_Phase_1-2/AU31/20211124_000002.WAV",65,70,-10.575896,-9.681792,-9.030536,7.9879208,"sc","non-background","non-gc","non-mm","sc","U_Vietnam_Phase_1-2","AU31","20211124_000002.WAV",2021-11-24,"07:00:02","00:01:05","07:01:07","07:01:12",7,1,0,0,0,13086107,"Phase_1-2","Phase_1-2/AU31/20211124_000002.WAV"
"U_Vietnam_Phase_1-2/AU35/20211107_010005.WAV",500,505,-1.8693548,1.7649014,-9.22353,-3.9136262,"gc","non-background","gc","non-mm","non-sc","U_Vietnam_Phase_1-2","AU35","20211107_010005.WAV",2021-11-07,"08:00:05","00:08:20","08:08:25","08:08:30",8,8,5,0,0,13829461,"Phase_1-2","Phase_1-2/AU35/20211107_010005.WAV"
"China_side/06/20211217_233000.WAV",1435,1440,-6.7865787,-7.755816,2.7449307,-2.4613252,"mm","non-background","non-gc","mm","non-sc","China_side","06","20211217_233000.WAV",2021-12-18,"06:30:00","00:23:55","06:53:55","06:54:00",6,23,20,0,0,719635,"China_side","China_side/06/20211217_233000.WAV"
"U_Vietnam_Phase_1-2/AU21/20211114_030015.WAV",2940,2945,6.85502,-10.488496,-10.480213,-6.133619,"background","background","non-gc","non-mm","non-sc","U_Vietnam_Phase_1-2","AU21","20211114_030015.WAV",2021-11-14,"10:00:15","00:49:00","10:49:15","10:49:20",10,49,45,0,30,7644527,"Phase_1-2","Phase_1-2/AU21/20211114_030015.WAV"
"Vietnam_Phase_3/AU28/20220116_010005.WAV",485,490,-1.1795691,1.6120205,-9.000284,-4.3403044,"gc","non-background","gc","non-mm","non-sc","Vietnam_Phase_3","AU28","20220116_010005.WAV",2022-01-16,"08:00:05","00:08:05","08:08:10","08:08:15",8,8,5,0,0,15469159,"Phase_3","Phase_3/AU28/20220116_010005.WAV"
"U_Vietnam_Phase_1-2/AU02/20211109_233010.WAV",435,440,-5.137501,-5.8001595,1.8931851,-2.0464015,"mm","non-background","non-gc","mm","non-sc","U_Vietnam_Phase_1-2","AU02","20211109_233010.WAV",2021-11-10,"06:30:10","00:07:15","06:37:25","06:37:30",6,7,5,0,0,1826850,"Phase_1-2","Phase_1-2/AU02/20211109_233010.WAV"
"China_side/11/20220112_233000.WAV",1795,1800,-9.897392,-10.011485,-8.702204,8.2748165,"sc","non-background","non-gc","non-mm","sc","China_side","11","20220112_233000.WAV",2022-01-13,"06:30:00","00:29:55","06:59:55","07:00:00",6,29,25,0,0,1700660,"China_side","China_side/11/20220112_233000.WAV"
"U_Vietnam_Phase_1-2/AU02/20211114_040020.WAV",2295,2300,-1.4880372,-6.363988,-5.219459,0.91224134,"sc","non-background","non-gc","non-mm","sc","U_Vietnam_Phase_1-2","AU02","20211114_040020.WAV",2021-11-14,"11:00:20","00:38:15","11:38:35","11:38:40",11,38,35,0,30,1852031,"Phase_1-2","Phase_1-2/AU02/20211114_040020.WAV"
"Vietnam_Phase_3/AU09/20211224_233010.WAV",130,135,6.4720454,-11.217905,-11.253978,-5.205069,"background","background","non-gc","non-mm","non-sc","Vietnam_Phase_3","AU09","20211224_233010.WAV",2021-12-25,"06:30:10","00:02:10","06:32:20","06:32:25",6,2,0,0,0,5560054,"Phase_3","Phase_3/AU09/20211224_233010.WAV"
"Vietnam_Phase_3/AU35/20220116_030015.WAV",2355,2360,-2.0988023,1.678996,-9.016475,-3.8868108,"gc","non-background","gc","non-mm","non-sc","Vietnam_Phase_3","AU35","20220116_030015.WAV",2022-01-16,"10:00:15","00:39:15","10:39:30","10:39:35",10,39,35,0,30,16807532,"Phase_3","Phase_3/AU35/20220116_030015.WAV"
"U_Vietnam_Phase_1-2/AU12/20211030_030015.WAV",1050,1055,-1.4691137,1.8043225,-8.175048,-4.1038303,"gc","non-background","gc","non-mm","non-sc","U_Vietnam_Phase_1-2","AU12","20211030_030015.WAV",2021-10-30,"10:00:15","00:17:30","10:17:45","10:17:50",10,17,15,0,0,3624888,"Phase_1-2","Phase_1-2/AU12/20211030_030015.WAV"
"Vietnam_Phase_3/AU38/20220116_010005.WAV",3190,3195,-1.7217509,1.690106,-8.981482,-4.1563926,"gc","non-background","gc","non-mm","non-sc","Vietnam_Phase_3","AU38","20220116_010005.WAV",2022-01-16,"08:00:05","00:53:10","08:53:15","08:53:20",8,53,50,0,30,17492602,"Phase_3","Phase_3/AU38/20220116_010005.WAV"
"Vietnam_Phase_3/AU13/20220116_000002.WAV",3505,3510,-1.6914892,1.6143194,-9.61813,-3.939486,"gc","non-background","gc","non-mm","non-sc","Vietnam_Phase_3","AU13","20220116_000002.WAV",2022-01-16,"07:00:02","00:58:25","07:58:27","07:58:32",7,58,55,9999,30,9434646,"Phase_3","Phase_3/AU13/20220116_000002.WAV"
"Vietnam_Phase_3/AU16/20211214_223005.WAV",3245,3250,-4.5489526,-6.993567,3.443187,-4.64452,"mm","non-background","non-gc","mm","non-sc","Vietnam_Phase_3","AU16","20211214_223005.WAV",2021-12-15,"05:30:05","00:54:05","06:24:10","06:24:15",6,54,50,0,30,9927267,"Phase_3","Phase_3/AU16/20211214_223005.WAV"
"Vietnam_Phase_3/AU05/20211210_020010.WAV",3495,3500,-4.723813,-6.084554,1.4645041,-1.6892548,"mm","non-background","non-gc","mm","non-sc","Vietnam_Phase_3","AU05","20211210_020010.WAV",2021-12-10,"09:00:10","00:58:15","09:58:25","09:58:30",9,58,55,9999,30,4604927,"Phase_3","Phase_3/AU05/20211210_020010.WAV"
"U_Vietnam_Phase_1-2/AU13/20211118_223005.WAV",3520,3525,-6.596302,-5.828699,-1.1748232,1.6548924,"sc","non-background","non-gc","non-mm","sc","U_Vietnam_Phase_1-2","AU13","20211118_223005.WAV",2021-11-19,"05:30:05","00:58:40","06:28:45","06:28:50",6,58,55,9999,30,6169936,"Phase_1-2","Phase_1-2/AU13/20211118_223005.WAV"
"Vietnam_Phase_3/AU28/20220116_000002.WAV",1780,1785,-1.0101773,1.9135844,-8.782864,-4.9514084,"gc","non-background","gc","non-mm","non-sc","Vietnam_Phase_3","AU28","20220116_000002.WAV",2022-01-16,"07:00:02","00:29:40","07:29:42","07:29:47",7,29,25,0,0,15468699,"Phase_3","Phase_3/AU28/20220116_000002.WAV"
"China_side/03/20211231_010000.WAV",3055,3060,3.7320824,-7.500116,-7.1759543,-3.337669,"background","background","non-gc","non-mm","non-sc","China_side","03","20211231_010000.WAV",2021-12-31,"08:00:00","00:50:55","08:50:55","08:51:00",8,50,50,0,30,233443,"China_side","China_side/03/20211231_010000.WAV"
"Vietnam_Phase_3/AU24/20220111_000002.WAV",2395,2400,-4.1555543,-7.1624513,-3.9039423,3.1588187,"sc","non-background","non-gc","non-mm","sc","Vietnam_Phase_3","AU24","20220111_000002.WAV",2022-01-11,"07:00:02","00:39:55","07:39:57","07:40:02",7,39,35,0,30,11842307,"Phase_3","Phase_3/AU24/20220111_000002.WAV"
"Vietnam_Phase_3/AU07/20220107_233010.WAV",1025,1030,7.2846503,-10.715006,-10.413677,-6.3511424,"background","background","non-gc","non-mm","non-sc","Vietnam_Phase_3","AU07","20220107_233010.WAV",2022-01-08,"06:30:10","00:17:05","06:47:15","06:47:20",6,17,15,0,0,5184022,"Phase_3","Phase_3/AU07/20220107_233010.WAV"
"Vietnam_Phase_3/AU07/20211214_223005.WAV",3590,3595,-2.2218244,-8.843923,-7.474986,2.6597571,"sc","non-background","non-gc","non-mm","sc","Vietnam_Phase_3","AU07","20211214_223005.WAV",2021-12-15,"05:30:05","00:59:50","06:29:55","06:30:00",6,59,55,9999,30,5054383,"Phase_3","Phase_3/AU07/20211214_223005.WAV"
"Vietnam_Phase_3/AU16/20211218_233010.WAV",1330,1335,-3.596045,-6.09736,-1.2317243,0.91319877,"sc","non-background","non-gc","non-mm","sc","Vietnam_Phase_3","AU16","20211218_233010.WAV",2021-12-19,"06:30:10","00:22:10","06:52:20","06:52:25",6,22,20,0,0,9949176,"Phase_3","Phase_3/AU16/20211218_233010.WAV"
"China_side/10/20220105_233000.WAV",530,535,-3.3214498,1.8998513,-7.002944,-2.767253,"gc","non-background","gc","non-mm","non-sc","China_side","10","20220105_233000.WAV",2022-01-06,"06:30:00","00:08:50","06:38:50","06:38:55",6,8,5,0,0,1479788,"China_side","China_side/10/20220105_233000.WAV"
"U_Vietnam_Phase_1-2/AU20/20211113_010005.WAV",3030,3035,-0.38689488,-6.0200133,-6.9911222,0.64263546,"sc","non-background","non-gc","non-mm","sc","U_Vietnam_Phase_1-2","AU20","20211113_010005.WAV",2021-11-13,"08:00:05","00:50:30","08:50:35","08:50:40",8,50,50,0,30,7427383,"Phase_1-2","Phase_1-2/AU20/20211113_010005.WAV"
"U_Vietnam_Phase_1-2/AU02/20211031_040020.WAV",1445,1450,5.091043,-6.5775313,-9.071867,-5.9452534,"background","background","non-gc","non-mm","non-sc","U_Vietnam_Phase_1-2","AU02","20211031_040020.WAV",2021-10-31,"11:00:20","00:24:05","11:24:25","11:24:30",11,24,20,0,0,1776359,"Phase_1-2","Phase_1-2/AU02/20211031_040020.WAV"
"Vietnam_Phase_3/AU05/20211210_030015.WAV",135,140,-3.250738,-8.104184,2.8518848,-5.3678055,"mm","non-background","non-gc","mm","non-sc","Vietnam_Phase_3","AU05","20211210_030015.WAV",2021-12-10,"10:00:15","00:02:15","10:02:30","10:02:35",10,2,0,0,0,4604975,"Phase_3","Phase_3/AU05/20211210_030015.WAV"
"Vietnam_Phase_3/AU28/20220113_223005.WAV",905,910,7.3772984,-10.221832,-9.6002865,-6.789899,"background","background","non-gc","non-mm","non-sc","Vietnam_Phase_3","AU28","20220113_223005.WAV",2022-01-14,"05:30:05","00:15:05","05:45:10","05:45:15",5,15,15,0,0,15456660,"Phase_3","Phase_3/AU28/20220113_223005.WAV"
"Vietnam_Phase_3/AU13/20220112_000002.WAV",1160,1165,-4.4318647,-6.9242225,1.3592113,-1.5123167,"mm","non-background","non-gc","mm","non-sc","Vietnam_Phase_3","AU13","20220112_000002.WAV",2022-01-12,"07:00:02","00:19:20","07:19:22","07:19:27",7,19,15,0,0,9412605,"Phase_3","Phase_3/AU13/20220112_000002.WAV"
"U_Vietnam_Phase_1-2/AU23/20211030_010005.WAV",325,330,-1.8783695,1.718028,-9.531185,-3.8583226,"gc","non-background","gc","non-mm","non-sc","U_Vietnam_Phase_1-2","AU23","20211030_010005.WAV",2021-10-30,"08:00:05","00:05:25","08:05:30","08:05:35",8,5,5,0,0,7836350,"Phase_1-2","Phase_1-2/AU23/20211030_010005.WAV"
"Vietnam_Phase_3/AU35/20211220_000002.WAV",1170,1175,-6.3835206,-11.766548,5.907519,-11.224001,"mm","non-background","non-gc","mm","non-sc","Vietnam_Phase_3","AU35","20211220_000002.WAV",2021-12-20,"07:00:02","00:19:30","07:19:32","07:19:37",7,19,15,0,0,16659525,"Phase_3","Phase_3/AU35/20211220_000002.WAV"
"U_Vietnam_Phase_1-2/AU09/20211105_223005.WAV",2430,2435,-1.8300011,-6.5438294,1.2586992,-4.3258767,"mm","non-background","non-gc","mm","non-sc","U_Vietnam_Phase_1-2","AU09","20211105_223005.WAV",2021-11-06,"05:30:05","00:40:30","06:10:35","06:10:40",6,40,40,0,30,3186821,"Phase_1-2","Phase_1-2/AU09/20211105_223005.WAV"
"Vietnam_Phase_3/AU05/20211214_000002.WAV",1105,1110,3.2398474,-7.441227,-6.129977,-3.3070161,"background","background","non-gc","non-mm","non-sc","Vietnam_Phase_3","AU05","20211214_000002.WAV",2021-12-14,"07:00:02","00:18:25","07:18:27","07:18:32",7,18,15,0,0,4624582,"Phase_3","Phase_3/AU05/20211214_000002.WAV"
"U_Vietnam_Phase_1-2/AU12/20211127_223005.WAV",2910,2915,-5.0770416,-5.9421306,-3.484666,2.6071491,"sc","non-background","non-gc","non-mm","sc","U_Vietnam_Phase_1-2","AU12","20211127_223005.WAV",2021-11-28,"05:30:05","00:48:30","06:18:35","06:18:40",6,48,45,0,30,3778420,"Phase_1-2","Phase_1-2/AU12/20211127_223005.WAV"
"Vietnam_Phase_3/AU26/20211219_020010.WAV",2170,2175,-0.19030458,-7.01747,-5.434828,0.6258732,"sc","non-background","non-gc","non-mm","sc","Vietnam_Phase_3","AU26","20211219_020010.WAV",2021-12-19,"09:00:10","00:36:10","09:36:20","09:36:25",9,36,35,0,30,12124009,"Phase_3","Phase_3/AU26/20211219_020010.WAV"
"Vietnam_Phase_3/AU12/20220118_010005.WAV",370,375,-4.483987,-5.293125,2.2669957,-4.8525352,"mm","non-background","non-gc","mm","non-sc","Vietnam_Phase_3","AU12","20220118_010005.WAV",2022-01-18,"08:00:05","00:06:10","08:06:15","08:06:20",8,6,5,0,0,9225292,"Phase_3","Phase_3/AU12/20220118_010005.WAV"
"U_Vietnam_Phase_1-2/AU04/20211103_020010.WAV",45,50,2.7556095,-7.983029,-5.244247,-3.1099389,"background","background","non-gc","non-mm","non-sc","U_Vietnam_Phase_1-2","AU04","20211103_020010.WAV",2021-11-03,"09:00:10","00:00:45","09:00:55","09:01:00",9,0,0,0,0,2207865,"Phase_1-2","Phase_1-2/AU04/20211103_020010.WAV"
"Vietnam_Phase_3/AU36/20211209_030015.WAV",325,330,-2.6774166,-5.1090693,1.0672,-2.386705,"mm","non-background","non-gc","mm","non-sc","Vietnam_Phase_3","AU36","20211209_030015.WAV",2021-12-09,"10:00:15","00:05:25","10:05:40","10:05:45",10,5,5,0,0,16851760,"Phase_3","Phase_3/AU36/20211209_030015.WAV"
"U_Vietnam_Phase_1-2/AU16/20211102_020010.WAV",3425,3430,5.041145,-7.8339643,-8.651114,-5.686231,"background","background","non-gc","non-mm","non-sc","U_Vietnam_Phase_1-2","AU16","20211102_020010.WAV",2021-11-02,"09:00:10","00:57:05","09:57:15","09:57:20",9,57,55,9999,30,6697373,"Phase_1-2","Phase_1-2/AU16/20211102_020010.WAV"
"U_Vietnam_Phase_1-2/AU40/20211111_223005.WAV",3115,3120,-3.033021,-5.2442303,-2.073035,1.3826127,"sc","non-background","non-gc","non-mm","sc","U_Vietnam_Phase_1-2","AU40","20211111_223005.WAV",2021-11-12,"05:30:05","00:51:55","06:22:00","06:22:05",6,51,50,0,30,14800073,"Phase_1-2","Phase_1-2/AU40/20211111_223005.WAV"
"U_Vietnam_Phase_1-2/AU28/20211121_030015.WAV",1445,1450,-3.2671862,1.8171093,-10.041201,-3.0533087,"gc","non-background","gc","non-mm","non-sc","U_Vietnam_Phase_1-2","AU28","20211121_030015.WAV",2021-11-21,"10:00:15","00:24:05","10:24:20","10:24:25",10,24,20,0,0,8951165,"Phase_1-2","Phase_1-2/AU28/20211121_030015.WAV"
"U_Vietnam_Phase_1-2/AU25/20211029_010005.WAV",1160,1165,4.5628595,-3.699291,-8.428563,-6.7925873,"background","background","non-gc","non-mm","non-sc","U_Vietnam_Phase_1-2","AU25","20211029_010005.WAV",2021-10-29,"08:00:05","00:19:20","08:19:25","08:19:30",8,19,15,0,0,8229383,"Phase_1-2","Phase_1-2/AU25/20211029_010005.WAV"
"U_Vietnam_Phase_1-2/AU15/20211019_223005.WAV",2440,2445,-7.090464,-7.323413,-5.9163427,5.452485,"sc","non-background","non-gc","non-mm","sc","U_Vietnam_Phase_1-2","AU15","20211019_223005.WAV",2021-10-20,"05:30:05","00:40:40","06:10:45","06:10:50",6,40,40,0,30,6421772,"Phase_1-2","Phase_1-2/AU15/20211019_223005.WAV"
"U_Vietnam_Phase_1-2/AU35/20211022_030015.WAV",405,410,7.615476,-10.263969,-9.500084,-7.5182776,"background","background","non-gc","non-mm","non-sc","U_Vietnam_Phase_1-2","AU35","20211022_030015.WAV",2021-10-22,"10:00:15","00:06:45","10:07:00","10:07:05",10,6,5,0,0,13744594,"Phase_1-2","Phase_1-2/AU35/20211022_030015.WAV"
"U_Vietnam_Phase_1-2/AU32/20211119_030015.WAV",2935,2940,3.946794,-7.486416,-5.5602403,-4.5757093,"background","background","non-gc","non-mm","non-sc","U_Vietnam_Phase_1-2","AU32","20211119_030015.WAV",2021-11-19,"10:00:15","00:48:55","10:49:10","10:49:15",10,48,45,0,30,13285484,"Phase_1-2","Phase_1-2/AU32/20211119_030015.WAV"
"U_Vietnam_Phase_1-2/AU09/20211108_020010.WAV",2065,2070,-1.7087555,-7.2522364,-6.0824733,1.343305,"sc","non-background","non-gc","non-mm","sc","U_Vietnam_Phase_1-2","AU09","20211108_020010.WAV",2021-11-08,"09:00:10","00:34:25","09:34:35","09:34:40",9,34,30,0,30,3200051,"Phase_1-2","Phase_1-2/AU09/20211108_020010.WAV"
"U_Vietnam_Phase_1-2/AU27/20211117_000002.WAV",895,900,5.353838,-8.754819,-9.491574,-5.287849,"background","background","non-gc","non-mm","non-sc","U_Vietnam_Phase_1-2","AU27","20211117_000002.WAV",2021-11-17,"07:00:02","00:14:55","07:14:57","07:15:02",7,14,10,0,0,8734157,"Phase_1-2","Phase_1-2/AU27/20211117_000002.WAV"
"China_side/02/20211224_223000.WAV",720,725,5.367494,-7.926415,-6.090336,-5.936291,"background","background","non-gc","non-mm","non-sc","China_side","02","20211224_223000.WAV",2021-12-25,"05:30:00","00:12:00","05:42:00","05:42:05",5,12,10,0,0,55397,"China_side","China_side/02/20211224_223000.WAV"
"U_Vietnam_Phase_1-2/AU35/20211028_213000.WAV",310,315,-1.4521506,1.8808328,-9.726223,-4.562031,"gc","non-background","gc","non-mm","non-sc","U_Vietnam_Phase_1-2","AU35","20211028_213000.WAV",2021-10-29,"04:30:00","00:05:10","04:35:10","04:35:15",4,5,5,0,0,13778369,"Phase_1-2","Phase_1-2/AU35/20211028_213000.WAV"
"U_Vietnam_Phase_1-2/AU35/20211107_030015.WAV",2500,2505,-1.3444375,1.6132553,-9.036832,-4.3021965,"gc","non-background","gc","non-mm","non-sc","U_Vietnam_Phase_1-2","AU35","20211107_030015.WAV",2021-11-07,"10:00:15","00:41:40","10:41:55","10:42:00",10,41,40,0,30,13831301,"Phase_1-2","Phase_1-2/AU35/20211107_030015.WAV"
"U_Vietnam_Phase_1-2/AU22/20211105_223005.WAV",2370,2375,-3.8137069,-5.9054155,2.8836167,-3.859913,"mm","non-background","non-gc","mm","non-sc","U_Vietnam_Phase_1-2","AU22","20211105_223005.WAV",2021-11-06,"05:30:05","00:39:30","06:09:35","06:09:40",6,39,35,0,30,7782472,"Phase_1-2","Phase_1-2/AU22/20211105_223005.WAV"
"U_Vietnam_Phase_1-2/AU07/20211112_223005.WAV",3155,3160,-6.8167143,-5.999807,3.6231687,-3.4354079,"mm","non-background","non-gc","mm","non-sc","U_Vietnam_Phase_1-2","AU07","20211112_223005.WAV",2021-11-13,"05:30:05","00:52:35","06:22:40","06:22:45",6,52,50,0,30,2852036,"Phase_1-2","Phase_1-2/AU07/20211112_223005.WAV"
"China_side/07/20211222_010000.WAV",1685,1690,3.6852984,-7.427334,-3.491931,-4.949347,"background","background","non-gc","non-mm","non-sc","China_side","07","20211222_010000.WAV",2021-12-22,"08:00:00","00:28:05","08:28:05","08:28:10",8,28,25,0,0,888697,"China_side","China_side/07/20211222_010000.WAV"
"U_Vietnam_Phase_1-2/AU12/20211028_213000.WAV",2365,2370,-2.355865,1.6380559,-10.344272,-3.708447,"gc","non-background","gc","non-mm","non-sc","U_Vietnam_Phase_1-2","AU12","20211028_213000.WAV",2021-10-29,"04:30:00","00:39:25","05:09:25","05:09:30",5,39,35,0,30,3615801,"Phase_1-2","Phase_1-2/AU12/20211028_213000.WAV"
"China_side/06/20220113_010000.WAV",10,15,1.1855197,-6.1700873,-3.1504998,-2.4331326,"background","background","non-gc","non-mm","non-sc","China_side","06","20220113_010000.WAV",2022-01-13,"08:00:00","00:00:10","08:00:10","08:00:15",8,0,0,0,0,860620,"China_side","China_side/06/20220113_010000.WAV"
"Vietnam_Phase_3/AU20/20211214_233010.WAV",340,345,-3.431807,2.0209477,-5.400341,-2.5466654,"gc","non-background","gc","non-mm","non-sc","Vietnam_Phase_3","AU20","20211214_233010.WAV",2021-12-15,"06:30:10","00:05:40","06:35:50","06:35:55",6,5,5,0,0,10793124,"Phase_3","Phase_3/AU20/20211214_233010.WAV"
"Vietnam_Phase_3/AU11/20220116_010005.WAV",205,210,-1.4158473,1.5903866,-9.856426,-4.187274,"gc","non-background","gc","non-mm","non-sc","Vietnam_Phase_3","AU11","20220116_010005.WAV",2022-01-16,"08:00:05","00:03:25","08:03:30","08:03:35",8,3,0,0,0,5971190,"Phase_3","Phase_3/AU11/20220116_010005.WAV"
"Vietnam_Phase_3/AU37/20211231_213000.WAV",2055,2060,-0.5456963,1.779075,-8.785107,-5.01075,"gc","non-background","gc","non-mm","non-sc","Vietnam_Phase_3","AU37","20211231_213000.WAV",2022-01-01,"04:30:00","00:34:15","05:04:15","05:04:20",5,34,30,0,30,17177718,"Phase_3","Phase_3/AU37/20211231_213000.WAV"
"U_Vietnam_Phase_1-2/P01/20211116_010005.WAV",505,510,10.44301,-11.265956,-11.405682,-10.509542,"background","background","non-gc","non-mm","non-sc","U_Vietnam_Phase_1-2","P01","20211116_010005.WAV",2021-11-16,"08:00:05","00:08:25","08:08:30","08:08:35",8,8,5,0,0,15005229,"Phase_1-2","Phase_1-2/P01/20211116_010005.WAV"
"Vietnam_Phase_3/AU09/20220118_233010.WAV",900,905,-3.611196,-6.11437,-2.7587242,2.177852,"sc","non-background","non-gc","non-mm","sc","Vietnam_Phase_3","AU09","20220118_233010.WAV",2022-01-19,"06:30:10","00:15:00","06:45:10","06:45:15",6,15,15,0,0,5695033,"Phase_3","Phase_3/AU09/20220118_233010.WAV"
"U_Vietnam_Phase_1-2/AU05/20211118_030015.WAV",430,435,2.807702,-7.9528346,-7.373745,-2.2480798,"background","background","non-gc","non-mm","non-sc","U_Vietnam_Phase_1-2","AU05","20211118_030015.WAV",2021-11-18,"10:00:15","00:07:10","10:07:25","10:07:30",10,7,5,0,0,2486531,"Phase_1-2","Phase_1-2/AU05/20211118_030015.WAV"
"U_Vietnam_Phase_1-2/AU04/20211107_000002.WAV",3475,3480,-2.1089902,2.7567995,-8.5685625,-4.5493245,"gc","non-background","gc","non-mm","non-sc","U_Vietnam_Phase_1-2","AU04","20211107_000002.WAV",2021-11-07,"07:00:02","00:57:55","07:57:57","07:58:02",7,57,55,9999,30,2228684,"Phase_1-2","Phase_1-2/AU04/20211107_000002.WAV"
"Vietnam_Phase_3/AU36/20211221_020010.WAV",685,690,0.40111348,-4.364571,-2.1259089,-2.241653,"background","background","non-gc","non-mm","non-sc","Vietnam_Phase_3","AU36","20211221_020010.WAV",2021-12-21,"09:00:10","00:11:25","09:11:35","09:11:40",9,11,10,0,0,16915828,"Phase_3","Phase_3/AU36/20211221_020010.WAV"
"Vietnam_Phase_3/AU36/20220103_020010.WAV",2640,2645,-3.6338866,-3.1302922,1.3172798,-3.5599194,"mm","non-background","non-gc","mm","non-sc","Vietnam_Phase_3","AU36","20220103_020010.WAV",2022-01-03,"09:00:10","00:44:00","09:44:10","09:44:15",9,44,40,0,30,16986328,"Phase_3","Phase_3/AU36/20220103_020010.WAV"
"U_Vietnam_Phase_1-2/AU31/20211027_040020.WAV",45,50,-7.787431,-7.8078303,1.2085316,-0.27743787,"mm","non-background","non-gc","mm","non-sc","U_Vietnam_Phase_1-2","AU31","20211027_040020.WAV",2021-10-27,"11:00:20","00:00:45","11:01:05","11:01:10",11,0,0,0,0,12939405,"Phase_1-2","Phase_1-2/AU31/20211027_040020.WAV"
"U_Vietnam_Phase_1-2/AU16/20211123_233010.WAV",300,305,-5.7259345,-6.4496875,2.826913,-3.2626457,"mm","non-background","non-gc","mm","non-sc","U_Vietnam_Phase_1-2","AU16","20211123_233010.WAV",2021-11-24,"06:30:10","00:05:00","06:35:10","06:35:15",6,5,5,0,0,6813597,"Phase_1-2","Phase_1-2/AU16/20211123_233010.WAV"
"U_Vietnam_Phase_1-2/AU14/20211121_010005.WAV",1705,1710,0.77963537,-6.129137,-4.5129337,-0.9410178,"background","background","non-gc","non-mm","non-sc","U_Vietnam_Phase_1-2","AU14","20211121_010005.WAV",2021-11-21,"08:00:05","00:28:25","08:28:30","08:28:35",8,28,25,0,0,6387827,"Phase_1-2","Phase_1-2/AU14/20211121_010005.WAV"
"Vietnam_Phase_3/AU14/20220102_000002.WAV",2750,2755,-7.724387,-11.151142,-10.67091,7.5473638,"sc","non-background","non-gc","non-mm","sc","Vietnam_Phase_3","AU14","20220102_000002.WAV",2022-01-02,"07:00:02","00:45:50","07:45:52","07:45:57",7,45,45,0,30,9582289,"Phase_3","Phase_3/AU14/20220102_000002.WAV"
"U_Vietnam_Phase_1-2/AU02/20211026_223005.WAV",3455,3460,-2.379851,-6.4243546,2.7720063,-5.802416,"mm","non-background","non-gc","mm","non-sc","U_Vietnam_Phase_1-2","AU02","20211026_223005.WAV",2021-10-27,"05:30:05","00:57:35","06:27:40","06:27:45",6,57,55,9999,30,1751232,"Phase_1-2","Phase_1-2/AU02/20211026_223005.WAV"
"Vietnam_Phase_3/AU09/20211213_223005.WAV",3035,3040,-5.155271,-7.9084077,5.3615394,-8.814638,"mm","non-background","non-gc","mm","non-sc","Vietnam_Phase_3","AU09","20211213_223005.WAV",2021-12-14,"05:30:05","00:50:35","06:20:40","06:20:45",6,50,50,0,30,5500592,"Phase_3","Phase_3/AU09/20211213_223005.WAV"
"U_Vietnam_Phase_1-2/AU09/20211112_000002.WAV",3085,3090,-3.552741,-8.529213,4.081713,-8.368945,"mm","non-background","non-gc","mm","non-sc","U_Vietnam_Phase_1-2","AU09","20211112_000002.WAV",2021-11-12,"07:00:02","00:51:25","07:51:27","07:51:32",7,51,50,0,30,3220388,"Phase_1-2","Phase_1-2/AU09/20211112_000002.WAV"
"Vietnam_Phase_3/AU12/20211208_223005.WAV",3305,3310,-9.958542,-8.908504,6.6513133,-6.735488,"mm","non-background","non-gc","mm","non-sc","Vietnam_Phase_3","AU12","20211208_223005.WAV",2021-12-09,"05:30:05","00:55:05","06:25:10","06:25:15",6,55,55,9999,30,9008362,"Phase_3","Phase_3/AU12/20211208_223005.WAV"
"U_Vietnam_Phase_1-2/AU11/20211108_233010.WAV",1135,1140,-4.3120804,-5.9595456,1.2085171,-1.5954224,"mm","non-background","non-gc","mm","non-sc","U_Vietnam_Phase_1-2","AU11","20211108_233010.WAV",2021-11-09,"06:30:10","00:18:55","06:49:05","06:49:10",6,18,15,0,0,3480699,"Phase_1-2","Phase_1-2/AU11/20211108_233010.WAV"
"U_Vietnam_Phase_1-2/AU23/20211030_010005.WAV",1660,1665,-1.6365304,2.1736577,-8.880582,-4.5688977,"gc","non-background","gc","non-mm","non-sc","U_Vietnam_Phase_1-2","AU23","20211030_010005.WAV",2021-10-30,"08:00:05","00:27:40","08:27:45","08:27:50",8,27,25,0,0,7836617,"Phase_1-2","Phase_1-2/AU23/20211030_010005.WAV"
"U_Vietnam_Phase_1-2/AU03/20211117_010005.WAV",630,635,-0.36162323,1.6284354,-8.649979,-4.7994113,"gc","non-background","gc","non-mm","non-sc","U_Vietnam_Phase_1-2","AU03","20211117_010005.WAV",2021-11-17,"08:00:05","00:10:30","08:10:35","08:10:40",8,10,10,0,0,2087550,"Phase_1-2","Phase_1-2/AU03/20211117_010005.WAV"
"China_side/09/20220102_233000.WAV",645,650,-5.5589542,-6.535412,-5.547312,3.8370183,"sc","non-background","non-gc","non-mm","sc","China_side","09","20220102_233000.WAV",2022-01-03,"06:30:00","00:10:45","06:40:45","06:40:50",6,10,10,0,0,1313908,"China_side","China_side/09/20220102_233000.WAV"
"Vietnam_Phase_3/AU24/20220119_030015.WAV",3300,3305,-5.7617397,-7.4990134,3.0560582,-3.1098695,"mm","non-background","non-gc","mm","non-sc","Vietnam_Phase_3","AU24","20220119_030015.WAV",2022-01-19,"10:00:15","00:55:00","10:55:15","10:55:20",10,55,55,9999,30,11887791,"Phase_3","Phase_3/AU24/20220119_030015.WAV"
"Vietnam_Phase_3/AU15/20211213_000002.WAV",1025,1030,-6.9136314,-8.081925,5.619957,-6.7153864,"mm","non-background","non-gc","mm","non-sc","Vietnam_Phase_3","AU15","20211213_000002.WAV",2021-12-13,"07:00:02","00:17:05","07:17:07","07:17:12",7,17,15,0,0,9689991,"Phase_3","Phase_3/AU15/20211213_000002.WAV"
"Vietnam_Phase_3/AU21/20211222_223005.WAV",3245,3250,-10.420088,-9.9946575,2.7025146,-1.55754,"mm","non-background","non-gc","mm","non-sc","Vietnam_Phase_3","AU21","20211222_223005.WAV",2021-12-23,"05:30:05","00:54:05","06:24:10","06:24:15",6,54,50,0,30,11068931,"Phase_3","Phase_3/AU21/20211222_223005.WAV"
"U_Vietnam_Phase_1-2/AU18/20211031_000002.WAV",3500,3505,5.765989,-9.953282,-7.686528,-5.550178,"background","background","non-gc","non-mm","non-sc","U_Vietnam_Phase_1-2","AU18","20211031_000002.WAV",2021-10-31,"07:00:02","00:58:20","07:58:22","07:58:27",7,58,55,9999,30,6972468,"Phase_1-2","Phase_1-2/AU18/20211031_000002.WAV"
"U_Vietnam_Phase_1-2/AU25/20211119_000002.WAV",2885,2890,-8.351745,1.6767694,-8.124606,-1.7271926,"gc","non-background","gc","non-mm","non-sc","U_Vietnam_Phase_1-2","AU25","20211119_000002.WAV",2021-11-19,"07:00:02","00:48:05","07:48:07","07:48:12",7,48,45,0,30,8342262,"Phase_1-2","Phase_1-2/AU25/20211119_000002.WAV"
"China_side/10/20220115_233000.WAV",130,135,-3.1488085,1.6231478,-4.5809393,-2.7898707,"gc","non-background","gc","non-mm","non-sc","China_side","10","20220115_233000.WAV",2022-01-16,"06:30:00","00:02:10","06:32:10","06:32:15",6,2,0,0,0,1533628,"China_side","China_side/10/20220115_233000.WAV"
"U_Vietnam_Phase_1-2/P01/20211110_010005.WAV",2060,2065,-1.7818936,1.7641048,-7.954616,-2.9755597,"gc","non-background","gc","non-mm","non-sc","U_Vietnam_Phase_1-2","P01","20211110_010005.WAV",2021-11-10,"08:00:05","00:34:20","08:34:25","08:34:30",8,34,30,0,30,14973182,"Phase_1-2","Phase_1-2/P01/20211110_010005.WAV"
"China_side/07/20220119_030000.WAV",2065,2070,-4.833089,-4.56055,2.0590274,-2.2602048,"mm","non-background","non-gc","mm","non-sc","China_side","07","20220119_030000.WAV",2022-01-19,"10:00:00","00:34:25","10:34:25","10:34:30",10,34,30,0,30,1029684,"China_side","China_side/07/20220119_030000.WAV"
"Vietnam_Phase_3/P05/20220117_030015.WAV",980,985,5.2117853,-9.045638,-8.284406,-4.7519984,"background","background","non-gc","non-mm","non-sc","Vietnam_Phase_3","P05","20220117_030015.WAV",2022-01-17,"10:00:15","00:16:20","10:16:35","10:16:40",10,16,15,0,0,18608826,"Phase_3","Phase_3/P05/20220117_030015.WAV"
"U_Vietnam_Phase_1-2/AU29/20211110_223005.WAV",3040,3045,-3.501143,-4.764444,-1.8084815,1.2361892,"sc","non-background","non-gc","non-mm","sc","U_Vietnam_Phase_1-2","AU29","20211110_223005.WAV",2021-11-11,"05:30:05","00:50:40","06:20:45","06:20:50",6,50,50,0,30,12616117,"Phase_1-2","Phase_1-2/AU29/20211110_223005.WAV"
"U_Vietnam_Phase_1-2/AU03/20211026_213000.WAV",2425,2430,-1.9102031,-6.7047505,-6.525263,2.1338255,"sc","non-background","non-gc","non-mm","sc","U_Vietnam_Phase_1-2","AU03","20211026_213000.WAV",2021-10-27,"04:30:00","00:40:25","05:10:25","05:10:30",5,40,40,0,30,1972139,"Phase_1-2","Phase_1-2/AU03/20211026_213000.WAV"
"Vietnam_Phase_3/AU16/20220116_030015.WAV",2510,2515,-2.3042257,2.0475712,-8.4976635,-3.534156,"gc","non-background","gc","non-mm","non-sc","Vietnam_Phase_3","AU16","20220116_030015.WAV",2022-01-16,"10:00:15","00:41:50","10:42:05","10:42:10",10,41,40,0,30,10102933,"Phase_3","Phase_3/AU16/20220116_030015.WAV"
"Vietnam_Phase_3/AU13/20211216_010005.WAV",1225,1230,-2.8502958,-4.5525093,-2.988739,1.1103034,"sc","non-background","non-gc","non-mm","sc","Vietnam_Phase_3","AU13","20211216_010005.WAV",2021-12-16,"08:00:05","00:20:25","08:20:30","08:20:35",8,20,20,0,0,9267726,"Phase_3","Phase_3/AU13/20211216_010005.WAV"
"U_Vietnam_Phase_1-2/AU18/20211118_223005.WAV",1395,1400,-5.8030057,-5.8687596,1.5180492,-1.2407135,"mm","non-background","non-gc","mm","non-sc","U_Vietnam_Phase_1-2","AU18","20211118_223005.WAV",2021-11-19,"05:30:05","00:23:15","05:53:20","05:53:25",5,23,20,0,0,7073436,"Phase_1-2","Phase_1-2/AU18/20211118_223005.WAV"
"U_Vietnam_Phase_1-2/AU35/20211102_030015.WAV",2900,2905,-1.5223504,1.6041496,-8.988315,-4.0371385,"gc","non-background","gc","non-mm","non-sc","U_Vietnam_Phase_1-2","AU35","20211102_030015.WAV",2021-11-02,"10:00:15","00:48:20","10:48:35","10:48:40",10,48,45,0,30,13804416,"Phase_1-2","Phase_1-2/AU35/20211102_030015.WAV"
"Vietnam_Phase_3/AU12/20211223_233010.WAV",1180,1185,0.098972015,-6.635661,-7.340025,0.43039918,"sc","background","non-gc","non-mm","sc","Vietnam_Phase_3","AU12","20211223_233010.WAV",2021-12-24,"06:30:10","00:19:40","06:49:50","06:49:55",6,19,15,0,0,9089552,"Phase_3","Phase_3/AU12/20211223_233010.WAV"
"U_Vietnam_Phase_1-2/AU12/20211102_030015.WAV",1605,1610,-0.79221505,1.7090474,-8.265588,-4.793285,"gc","non-background","gc","non-mm","non-sc","U_Vietnam_Phase_1-2","AU12","20211102_030015.WAV",2021-11-02,"10:00:15","00:26:45","10:27:00","10:27:05",10,26,25,0,0,3641178,"Phase_1-2","Phase_1-2/AU12/20211102_030015.WAV"
"U_Vietnam_Phase_1-2/AU35/20211028_233010.WAV",545,550,-1.0686878,1.5930904,-9.511113,-4.437117,"gc","non-background","gc","non-mm","non-sc","U_Vietnam_Phase_1-2","AU35","20211028_233010.WAV",2021-10-29,"06:30:10","00:09:05","06:39:15","06:39:20",6,9,5,0,0,13779856,"Phase_1-2","Phase_1-2/AU35/20211028_233010.WAV"
"Vietnam_Phase_3/AU37/20220116_030015.WAV",1790,1795,-3.298821,1.590276,-10.070465,-2.6733193,"gc","non-background","gc","non-mm","non-sc","Vietnam_Phase_3","AU37","20220116_030015.WAV",2022-01-16,"10:00:15","00:29:50","10:30:05","10:30:10",10,29,25,0,0,17262517,"Phase_3","Phase_3/AU37/20220116_030015.WAV"
"Vietnam_Phase_3/AU28/20211222_000002.WAV",15,20,-1.8598319,-5.3643327,-5.970485,1.5402753,"sc","non-background","non-gc","non-mm","sc","Vietnam_Phase_3","AU28","20211222_000002.WAV",2021-12-22,"07:00:02","00:00:15","07:00:17","07:00:22",7,0,0,0,0,15333521,"Phase_3","Phase_3/AU28/20211222_000002.WAV"
"Vietnam_Phase_3/AU33/20211227_010005.WAV",3545,3550,9.494303,-11.820477,-10.258961,-9.671021,"background","background","non-gc","non-mm","non-sc","Vietnam_Phase_3","AU33","20211227_010005.WAV",2021-12-27,"08:00:05","00:59:05","08:59:10","08:59:15",8,59,55,9999,30,16266621,"Phase_3","Phase_3/AU33/20211227_010005.WAV"
"Vietnam_Phase_3/AU15/20211214_233010.WAV",1535,1540,-3.1971831,-4.884355,-3.3973327,1.8053063,"sc","non-background","non-gc","non-mm","sc","Vietnam_Phase_3","AU15","20211214_233010.WAV",2021-12-15,"06:30:10","00:25:35","06:55:45","06:55:50",6,25,25,0,0,9700521,"Phase_3","Phase_3/AU15/20211214_233010.WAV"
"Vietnam_Phase_3/AU07/20220110_000002.WAV",2160,2165,-1.8592478,-8.037451,2.5955737,-10.231505,"mm","non-background","non-gc","mm","non-sc","Vietnam_Phase_3","AU07","20220110_000002.WAV",2022-01-10,"07:00:02","00:36:00","07:36:02","07:36:07",7,36,35,0,30,5195393,"Phase_3","Phase_3/AU07/20220110_000002.WAV"
"Vietnam_Phase_3/AU20/20220104_000002.WAV",1040,1045,-7.0421796,-5.413963,-3.1073532,2.7783089,"sc","non-background","non-gc","non-mm","sc","Vietnam_Phase_3","AU20","20220104_000002.WAV",2022-01-04,"07:00:02","00:17:20","07:17:22","07:17:27",7,17,15,0,0,10901482,"Phase_3","Phase_3/AU20/20220104_000002.WAV"
"Vietnam_Phase_3/AU23/20211222_213000.WAV",120,125,2.6903489,-5.998579,-3.3446121,-3.9410133,"background","background","non-gc","non-mm","non-sc","Vietnam_Phase_3","AU23","20211222_213000.WAV",2021-12-23,"04:30:00","00:02:00","04:32:00","04:32:05",4,2,0,0,0,11509602,"Phase_3","Phase_3/AU23/20211222_213000.WAV"
"Vietnam_Phase_3/AU11/20220120_030015.WAV",3545,3550,2.983666,-6.5069246,-5.612734,-3.1037467,"background","background","non-gc","non-mm","non-sc","Vietnam_Phase_3","AU11","20220120_030015.WAV",2022-01-20,"10:00:15","00:59:05","10:59:20","10:59:25",10,59,55,9999,30,5994870,"Phase_3","Phase_3/AU11/20220120_030015.WAV"
"Vietnam_Phase_3/AU21/20220120_030015.WAV",2625,2630,3.1712399,-7.301832,-6.014781,-3.247889,"background","background","non-gc","non-mm","non-sc","Vietnam_Phase_3","AU21","20220120_030015.WAV",2022-01-20,"10:00:15","00:43:45","10:44:00","10:44:05",10,43,40,0,30,11223048,"Phase_3","Phase_3/AU21/20220120_030015.WAV"
"U_Vietnam_Phase_1-2/AU04/20211111_000002.WAV",765,770,-3.9185874,-5.352936,-3.013583,1.9830521,"sc","non-background","non-gc","non-mm","sc","U_Vietnam_Phase_1-2","AU04","20211111_000002.WAV",2021-11-11,"07:00:02","00:12:45","07:12:47","07:12:52",7,12,10,0,0,2249714,"Phase_1-2","Phase_1-2/AU04/20211111_000002.WAV"
"U_Vietnam_Phase_1-2/AU20/20211124_000002.WAV",10,15,-7.711892,-8.3699875,5.1946063,-5.4994593,"mm","non-background","non-gc","mm","non-sc","U_Vietnam_Phase_1-2","AU20","20211124_000002.WAV",2021-11-24,"07:00:02","00:00:10","07:00:12","07:00:17",7,0,0,0,0,7485383,"Phase_1-2","Phase_1-2/AU20/20211124_000002.WAV"
"U_Vietnam_Phase_1-2/AU29/20211102_030015.WAV",1695,1700,-2.767634,2.4600804,-9.955791,-3.9350498,"gc","non-background","gc","non-mm","non-sc","U_Vietnam_Phase_1-2","AU29","20211102_030015.WAV",2021-11-02,"10:00:15","00:28:15","10:28:30","10:28:35",10,28,25,0,0,12570548,"Phase_1-2","Phase_1-2/AU29/20211102_030015.WAV"
"Vietnam_Phase_3/AU26/20211211_223005.WAV",980,985,1.256503,-5.744893,-2.4204972,-3.42213,"background","background","non-gc","non-mm","non-sc","Vietnam_Phase_3","AU26","20211211_223005.WAV",2021-12-12,"05:30:05","00:16:20","05:46:25","05:46:30",5,16,15,0,0,12083503,"Phase_3","Phase_3/AU26/20211211_223005.WAV"
"U_Vietnam_Phase_1-2/AU14/20211019_030015.WAV",205,210,7.0645676,-8.059549,-10.833008,-8.152517,"background","background","non-gc","non-mm","non-sc","U_Vietnam_Phase_1-2","AU14","20211019_030015.WAV",2021-10-19,"10:00:15","00:03:25","10:03:40","10:03:45",10,3,0,0,0,6210998,"Phase_1-2","Phase_1-2/AU14/20211019_030015.WAV"
"U_Vietnam_Phase_1-2/AU31/20211023_030015.WAV",2510,2515,-6.9157276,-7.3677554,-1.1978184,2.0191493,"sc","non-background","non-gc","non-mm","sc","U_Vietnam_Phase_1-2","AU31","20211023_030015.WAV",2021-10-23,"10:00:15","00:41:50","10:42:05","10:42:10",10,41,40,0,30,12917606,"Phase_1-2","Phase_1-2/AU31/20211023_030015.WAV"
"U_Vietnam_Phase_1-2/AU29/20211106_233010.WAV",975,980,-2.0294456,1.9378396,-9.929751,-4.2441835,"gc","non-background","gc","non-mm","non-sc","U_Vietnam_Phase_1-2","AU29","20211106_233010.WAV",2021-11-07,"06:30:10","00:16:15","06:46:25","06:46:30",6,16,15,0,0,12594852,"Phase_1-2","Phase_1-2/AU29/20211106_233010.WAV"
"U_Vietnam_Phase_1-2/AU20/20211108_233010.WAV",115,120,-1.7911775,-7.487535,-6.3736124,1.779145,"sc","non-background","non-gc","non-mm","sc","U_Vietnam_Phase_1-2","AU20","20211108_233010.WAV",2021-11-09,"06:30:10","00:01:55","06:32:05","06:32:10",6,1,0,0,0,7404151,"Phase_1-2","Phase_1-2/AU20/20211108_233010.WAV"
"Vietnam_Phase_3/AU08/20220103_040020.WAV",780,785,1.300695,-6.315515,-3.3788078,-2.4519281,"background","background","non-gc","non-mm","non-sc","Vietnam_Phase_3","AU08","20220103_040020.WAV",2022-01-03,"11:00:20","00:13:00","11:13:20","11:13:25",11,13,10,0,0,5381811,"Phase_3","Phase_3/AU08/20220103_040020.WAV"
"Vietnam_Phase_3/AU04/20211221_020010.WAV",1115,1120,1.812828,-5.958559,-3.883923,-2.6725006,"background","background","non-gc","non-mm","non-sc","Vietnam_Phase_3","AU04","20211221_020010.WAV",2021-12-21,"09:00:10","00:18:35","09:18:45","09:18:50",9,18,15,0,0,4493354,"Phase_3","Phase_3/AU04/20211221_020010.WAV"
"U_Vietnam_Phase_1-2/AU19/20211117_223005.WAV",2555,2560,-5.334277,-6.8961225,2.3294146,-2.7015426,"mm","non-background","non-gc","mm","non-sc","U_Vietnam_Phase_1-2","AU19","20211117_223005.WAV",2021-11-18,"05:30:05","00:42:35","06:12:40","06:12:45",6,42,40,0,30,7265137,"Phase_1-2","Phase_1-2/AU19/20211117_223005.WAV"
"U_Vietnam_Phase_1-2/AU06/20211124_000002.WAV",2130,2135,3.1842773,-7.164648,-5.9957743,-3.0865574,"background","background","non-gc","non-mm","non-sc","U_Vietnam_Phase_1-2","AU06","20211124_000002.WAV",2021-11-24,"07:00:02","00:35:30","07:35:32","07:35:37",7,35,35,0,30,2727072,"Phase_1-2","Phase_1-2/AU06/20211124_000002.WAV"
"Vietnam_Phase_3/AU22/20211231_040020.WAV",1105,1110,-4.134422,-6.7875795,-4.3894105,3.3987823,"sc","non-background","non-gc","non-mm","sc","Vietnam_Phase_3","AU22","20211231_040020.WAV",2021-12-31,"11:00:20","00:18:25","11:18:45","11:18:50",11,18,15,0,0,11330350,"Phase_3","Phase_3/AU22/20211231_040020.WAV"
"Vietnam_Phase_3/AU27/20220111_010005.WAV",2585,2590,-7.7465568,-5.158545,-3.9002442,3.1502576,"sc","non-background","non-gc","non-mm","sc","Vietnam_Phase_3","AU27","20220111_010005.WAV",2022-01-11,"08:00:05","00:43:05","08:43:10","08:43:15",8,43,40,0,30,12449013,"Phase_3","Phase_3/AU27/20220111_010005.WAV"
"U_Vietnam_Phase_1-2/P05/20211025_223005.WAV",2825,2830,-4.845401,-6.706996,-6.867274,4.199386,"sc","non-background","non-gc","non-mm","sc","U_Vietnam_Phase_1-2","P05","20211025_223005.WAV",2021-10-26,"05:30:05","00:47:05","06:17:10","06:17:15",6,47,45,0,30,15116761,"Phase_1-2","Phase_1-2/P05/20211025_223005.WAV"
"Vietnam_Phase_3/AU24/20220112_000002.WAV",915,920,-2.367955,-6.4523716,-4.1889024,1.877072,"sc","non-background","non-gc","non-mm","sc","Vietnam_Phase_3","AU24","20220112_000002.WAV",2022-01-12,"07:00:02","00:15:15","07:15:17","07:15:22",7,15,15,0,0,11847404,"Phase_3","Phase_3/AU24/20220112_000002.WAV"
"Vietnam_Phase_3/AU20/20220102_223005.WAV",3365,3370,-4.789832,-6.982226,3.2142992,-4.578803,"mm","non-background","non-gc","mm","non-sc","Vietnam_Phase_3","AU20","20220102_223005.WAV",2022-01-03,"05:30:05","00:56:05","06:26:10","06:26:15",6,56,55,9999,30,10895476,"Phase_3","Phase_3/AU20/20220102_223005.WAV"
"Vietnam_Phase_3/AU27/20220116_010005.WAV",570,575,-1.7693729,1.5915867,-8.991163,-3.7219985,"gc","non-background","gc","non-mm","non-sc","Vietnam_Phase_3","AU27","20220116_010005.WAV",2022-01-16,"08:00:05","00:09:30","08:09:35","08:09:40",8,9,5,0,0,12475575,"Phase_3","Phase_3/AU27/20220116_010005.WAV"
"U_Vietnam_Phase_1-2/AU05/20211104_030015.WAV",215,220,4.947788,-8.8914585,-8.452605,-4.0740385,"background","background","non-gc","non-mm","non-sc","U_Vietnam_Phase_1-2","AU05","20211104_030015.WAV",2021-11-04,"10:00:15","00:03:35","10:03:50","10:03:55",10,3,0,0,0,2410986,"Phase_1-2","Phase_1-2/AU05/20211104_030015.WAV"
"Vietnam_Phase_3/AU06/20211215_000002.WAV",35,40,-1.8608752,-8.018562,-7.5684485,2.163579,"sc","non-background","non-gc","non-mm","sc","Vietnam_Phase_3","AU06","20211215_000002.WAV",2021-12-15,"07:00:02","00:00:35","07:00:37","07:00:42",7,0,0,0,0,4856541,"Phase_3","Phase_3/AU06/20211215_000002.WAV"
"U_Vietnam_Phase_1-2/AU23/20211121_020010.WAV",3385,3390,5.7536883,-8.5087595,-8.001902,-6.157749,"background","background","non-gc","non-mm","non-sc","U_Vietnam_Phase_1-2","AU23","20211121_020010.WAV",2021-11-21,"09:00:10","00:56:25","09:56:35","09:56:40",9,56,55,9999,30,7929721,"Phase_1-2","Phase_1-2/AU23/20211121_020010.WAV"
"Vietnam_Phase_3/AU16/20220102_030015.WAV",2690,2695,-4.1235847,-7.896569,3.6427426,-8.977348,"mm","non-background","non-gc","mm","non-sc","Vietnam_Phase_3","AU16","20220102_030015.WAV",2022-01-02,"10:00:15","00:44:50","10:45:05","10:45:10",10,44,40,0,30,10027467,"Phase_3","Phase_3/AU16/20220102_030015.WAV"
"U_Vietnam_Phase_1-2/AU20/20211125_010005.WAV",705,710,-1.517766,-4.643945,-5.3352833,1.2671075,"sc","non-background","non-gc","non-mm","sc","U_Vietnam_Phase_1-2","AU20","20211125_010005.WAV",2021-11-25,"08:00:05","00:11:45","08:11:50","08:11:55",8,11,10,0,0,7491634,"Phase_1-2","Phase_1-2/AU20/20211125_010005.WAV"
"China_side/10/20220113_020000.WAV",560,565,-2.6897907,1.6687492,-6.149979,-2.6751757,"gc","non-background","gc","non-mm","non-sc","China_side","10","20220113_020000.WAV",2022-01-13,"09:00:00","00:09:20","09:09:20","09:09:25",9,9,5,0,0,1519335,"China_side","China_side/10/20220113_020000.WAV"
"Vietnam_Phase_3/AU14/20220116_030015.WAV",3165,3170,-1.313763,1.8815414,-7.924226,-4.0260973,"gc","non-background","gc","non-mm","non-sc","Vietnam_Phase_3","AU14","20220116_030015.WAV",2022-01-16,"10:00:15","00:52:45","10:53:00","10:53:05",10,52,50,0,30,9660033,"Phase_3","Phase_3/AU14/20220116_030015.WAV"
"U_Vietnam_Phase_1-2/AU13/20211102_223005.WAV",145,150,-0.9981304,-5.261586,-3.6736822,0.8895303,"sc","non-background","non-gc","non-mm","sc","U_Vietnam_Phase_1-2","AU13","20211102_223005.WAV",2021-11-03,"05:30:05","00:02:25","05:32:30","05:32:35",5,2,0,0,0,6082973,"Phase_1-2","Phase_1-2/AU13/20211102_223005.WAV"
"China_side/05/20220119_223000.WAV",965,970,5.463189,-8.798266,-7.0810413,-5.816932,"background","background","non-gc","non-mm","non-sc","China_side","05","20220119_223000.WAV",2022-01-20,"05:30:00","00:16:05","05:46:05","05:46:10",5,16,15,0,0,701051,"China_side","China_side/05/20220119_223000.WAV"
"U_Vietnam_Phase_1-2/AU35/20211021_223005.WAV",2065,2070,-1.2350531,1.7802631,-8.852869,-4.355887,"gc","non-background","gc","non-mm","non-sc","U_Vietnam_Phase_1-2","AU35","20211021_223005.WAV",2021-10-22,"05:30:05","00:34:25","06:04:30","06:04:35",6,34,30,0,30,13741689,"Phase_1-2","Phase_1-2/AU35/20211021_223005.WAV"
"U_Vietnam_Phase_1-2/AU12/20211201_020010.WAV",2230,2235,5.5643454,-9.518891,-8.908254,-4.8180375,"background","background","non-gc","non-mm","non-sc","U_Vietnam_Phase_1-2","AU12","20211201_020010.WAV",2021-12-01,"09:00:10","00:37:10","09:37:20","09:37:25",9,37,35,0,30,3796980,"Phase_1-2","Phase_1-2/AU12/20211201_020010.WAV"
"Vietnam_Phase_3/AU17/20220118_000002.WAV",875,880,-5.5144477,-8.575655,-6.902376,4.9822345,"sc","non-background","non-gc","non-mm","sc","Vietnam_Phase_3","AU17","20220118_000002.WAV",2022-01-18,"07:00:02","00:14:35","07:14:37","07:14:42",7,14,10,0,0,10340082,"Phase_3","Phase_3/AU17/20220118_000002.WAV"
"U_Vietnam_Phase_1-2/AU32/20211103_233010.WAV",1775,1780,3.923283,-8.580872,-7.6188345,-3.5046062,"background","background","non-gc","non-mm","non-sc","U_Vietnam_Phase_1-2","AU32","20211103_233010.WAV",2021-11-04,"06:30:10","00:29:35","06:59:45","06:59:50",6,29,25,0,0,13202124,"Phase_1-2","Phase_1-2/AU32/20211103_233010.WAV"
"Vietnam_Phase_3/AU21/20220114_020010.WAV",2800,2805,5.993167,-10.0774,-9.037763,-5.28566,"background","background","non-gc","non-mm","non-sc","Vietnam_Phase_3","AU21","20220114_020010.WAV",2022-01-14,"09:00:10","00:46:40","09:46:50","09:46:55",9,46,45,0,30,11190005,"Phase_3","Phase_3/AU21/20220114_020010.WAV"
"U_Vietnam_Phase_1-2/AU27/20211029_040020.WAV",765,770,-1.1029114,1.8012518,-7.3456936,-4.710226,"gc","non-background","gc","non-mm","non-sc","U_Vietnam_Phase_1-2","AU27","20211029_040020.WAV",2021-10-29,"11:00:20","00:12:45","11:13:05","11:13:10",11,12,10,0,0,8635263,"Phase_1-2","Phase_1-2/AU27/20211029_040020.WAV"
"U_Vietnam_Phase_1-2/AU14/20211119_020010.WAV",2520,2525,-7.1500564,-7.2324805,1.8314122,-1.470282,"mm","non-background","non-gc","mm","non-sc","U_Vietnam_Phase_1-2","AU14","20211119_020010.WAV",2021-11-19,"09:00:10","00:42:00","09:42:10","09:42:15",9,42,40,0,30,6377924,"Phase_1-2","Phase_1-2/AU14/20211119_020010.WAV"
"Vietnam_Phase_3/AU08/20211219_223005.WAV",3565,3570,-4.4228654,-7.5387406,4.240556,-6.767304,"mm","non-background","non-gc","mm","non-sc","Vietnam_Phase_3","AU08","20211219_223005.WAV",2021-12-20,"05:30:05","00:59:25","06:29:30","06:29:35",6,59,55,9999,30,5302909,"Phase_3","Phase_3/AU08/20211219_223005.WAV"
"Vietnam_Phase_3/AU23/20220101_213000.WAV",2575,2580,3.5031781,-6.839123,-4.733215,-4.166174,"background","background","non-gc","non-mm","non-sc","Vietnam_Phase_3","AU23","20220101_213000.WAV",2022-01-02,"04:30:00","00:42:55","05:12:55","05:13:00",5,42,40,0,30,11564023,"Phase_3","Phase_3/AU23/20220101_213000.WAV"
"Vietnam_Phase_3/AU17/20211224_233010.WAV",915,920,5.6293836,-8.6872425,-8.036733,-5.8250785,"background","background","non-gc","non-mm","non-sc","Vietnam_Phase_3","AU17","20211224_233010.WAV",2021-12-25,"06:30:10","00:15:15","06:45:25","06:45:30",6,15,15,0,0,10210300,"Phase_3","Phase_3/AU17/20211224_233010.WAV"
"Vietnam_Phase_3/AU17/20211227_030015.WAV",2950,2955,5.359704,-9.140246,-8.093247,-4.8283215,"background","background","non-gc","non-mm","non-sc","Vietnam_Phase_3","AU17","20211227_030015.WAV",2021-12-27,"10:00:15","00:49:10","10:49:25","10:49:30",10,49,45,0,30,10224010,"Phase_3","Phase_3/AU17/20211227_030015.WAV"
"Vietnam_Phase_3/LP27/20211218_030015.WAV",1810,1815,-0.98398024,-6.023494,-5.3211107,0.53156,"sc","non-background","non-gc","non-mm","sc","Vietnam_Phase_3","LP27","20211218_030015.WAV",2021-12-18,"10:00:15","00:30:10","10:30:25","10:30:30",10,30,30,0,30,18072618,"Phase_3","Phase_3/LP27/20211218_030015.WAV"
"U_Vietnam_Phase_1-2/AU08/20211106_233010.WAV",935,940,-1.3671224,-8.026452,-5.1462274,0.7483544,"sc","non-background","non-gc","non-mm","sc","U_Vietnam_Phase_1-2","AU08","20211106_233010.WAV",2021-11-07,"06:30:10","00:15:35","06:45:45","06:45:50",6,15,15,0,0,3029670,"Phase_1-2","Phase_1-2/AU08/20211106_233010.WAV"
"U_Vietnam_Phase_1-2/AU31/20211027_040020.WAV",1595,1600,-6.523162,-7.667341,1.3366404,-0.59735495,"mm","non-background","non-gc","mm","non-sc","U_Vietnam_Phase_1-2","AU31","20211027_040020.WAV",2021-10-27,"11:00:20","00:26:35","11:26:55","11:27:00",11,26,25,0,0,12939715,"Phase_1-2","Phase_1-2/AU31/20211027_040020.WAV"
"Vietnam_Phase_3/AU33/20211228_213000.WAV",3430,3435,8.236564,-10.22705,-8.943032,-8.530005,"background","background","non-gc","non-mm","non-sc","Vietnam_Phase_3","AU33","20211228_213000.WAV",2021-12-29,"04:30:00","00:57:10","05:27:10","05:27:15",5,57,55,9999,30,16274867,"Phase_3","Phase_3/AU33/20211228_213000.WAV"
"Vietnam_Phase_3/AU07/20220111_233010.WAV",1205,1210,4.113391,-7.602415,-6.188039,-4.2663717,"background","background","non-gc","non-mm","non-sc","Vietnam_Phase_3","AU07","20220111_233010.WAV",2022-01-12,"06:30:10","00:20:05","06:50:15","06:50:20",6,20,20,0,0,5205630,"Phase_3","Phase_3/AU07/20220111_233010.WAV"
"U_Vietnam_Phase_1-2/AU31/20211102_010005.WAV",1545,1550,-1.871457,1.6724577,-10.243865,-4.303426,"gc","non-background","gc","non-mm","non-sc","U_Vietnam_Phase_1-2","AU31","20211102_010005.WAV",2021-11-02,"08:00:05","00:25:45","08:25:50","08:25:55",8,25,25,0,0,12969903,"Phase_1-2","Phase_1-2/AU31/20211102_010005.WAV"
"Vietnam_Phase_3/AU28/20211210_223005.WAV",3525,3530,-1.9692132,-7.919349,-5.4278965,1.6435668,"sc","non-background","non-gc","non-mm","sc","Vietnam_Phase_3","AU28","20211210_223005.WAV",2021-12-11,"05:30:05","00:58:45","06:28:50","06:28:55",6,58,55,9999,30,15273822,"Phase_3","Phase_3/AU28/20211210_223005.WAV"
"Vietnam_Phase_3/AU03/20220117_010005.WAV",2300,2305,-1.1269422,1.6027366,-5.707583,-3.3551931,"gc","non-background","gc","non-mm","non-sc","Vietnam_Phase_3","AU03","20220117_010005.WAV",2022-01-17,"08:00:05","00:38:20","08:38:25","08:38:30",8,38,35,0,30,4392378,"Phase_3","Phase_3/AU03/20220117_010005.WAV"
"Vietnam_Phase_3/AU11/20220107_020010.WAV",490,495,11.383699,-13.3658905,-12.414597,-11.246782,"background","background","non-gc","non-mm","non-sc","Vietnam_Phase_3","AU11","20220107_020010.WAV",2022-01-07,"09:00:10","00:08:10","09:08:20","09:08:25",9,8,5,0,0,5923430,"Phase_3","Phase_3/AU11/20220107_020010.WAV"
"U_Vietnam_Phase_1-2/AU35/20211029_040020.WAV",1350,1355,-1.2219328,1.6500019,-8.956944,-4.3470435,"gc","non-background","gc","non-mm","non-sc","U_Vietnam_Phase_1-2","AU35","20211029_040020.WAV",2021-10-29,"11:00:20","00:22:30","11:22:50","11:22:55",11,22,20,0,0,13783254,"Phase_1-2","Phase_1-2/AU35/20211029_040020.WAV"
"Vietnam_Phase_3/AU13/20220116_040020.WAV",1885,1890,-1.038041,1.933061,-9.465416,-4.860995,"gc","non-background","gc","non-mm","non-sc","Vietnam_Phase_3","AU13","20220116_040020.WAV",2022-01-16,"11:00:20","00:31:25","11:31:45","11:31:50",11,31,30,0,30,9437201,"Phase_3","Phase_3/AU13/20220116_040020.WAV"
"U_Vietnam_Phase_1-2/AU19/20211113_223005.WAV",1465,1470,-6.3161416,-9.753903,6.1521473,-9.384434,"mm","non-background","non-gc","mm","non-sc","U_Vietnam_Phase_1-2","AU19","20211113_223005.WAV",2021-11-14,"05:30:05","00:24:25","05:54:30","05:54:35",5,24,20,0,0,7243347,"Phase_1-2","Phase_1-2/AU19/20211113_223005.WAV"
"U_Vietnam_Phase_1-2/AU27/20211110_233010.WAV",70,75,-6.2485876,-6.096129,4.0258117,-4.9042435,"mm","non-background","non-gc","mm","non-sc","U_Vietnam_Phase_1-2","AU27","20211110_233010.WAV",2021-11-11,"06:30:10","00:01:10","06:31:20","06:31:25",6,1,0,0,0,8701276,"Phase_1-2","Phase_1-2/AU27/20211110_233010.WAV"
"Vietnam_Phase_3/AU13/20220103_010005.WAV",1275,1280,-8.126317,-8.991822,5.140748,-5.361513,"mm","non-background","non-gc","mm","non-sc","Vietnam_Phase_3","AU13","20220103_010005.WAV",2022-01-03,"08:00:05","00:21:15","08:21:20","08:21:25",8,21,20,0,0,9364810,"Phase_3","Phase_3/AU13/20220103_010005.WAV"
"U_Vietnam_Phase_1-2/AU39/20211106_000002.WAV",1145,1150,9.7876835,-12.170236,-9.719629,-10.767871,"background","background","non-gc","non-mm","non-sc","U_Vietnam_Phase_1-2","AU39","20211106_000002.WAV",2021-11-06,"07:00:02","00:19:05","07:19:07","07:19:12",7,19,15,0,0,14538325,"Phase_1-2","Phase_1-2/AU39/20211106_000002.WAV"
"U_Vietnam_Phase_1-2/AU17/20211029_223005.WAV",2600,2605,-3.399261,-7.033659,1.2806152,-2.661934,"mm","non-background","non-gc","mm","non-sc","U_Vietnam_Phase_1-2","AU17","20211029_223005.WAV",2021-10-30,"05:30:05","00:43:20","06:13:25","06:13:30",6,43,40,0,30,6887078,"Phase_1-2","Phase_1-2/AU17/20211029_223005.WAV"
"U_Vietnam_Phase_1-2/AU13/20211118_223005.WAV",3345,3350,-8.00642,-7.88876,2.752427,-1.8647685,"mm","non-background","non-gc","mm","non-sc","U_Vietnam_Phase_1-2","AU13","20211118_223005.WAV",2021-11-19,"05:30:05","00:55:45","06:25:50","06:25:55",6,55,55,9999,30,6169901,"Phase_1-2","Phase_1-2/AU13/20211118_223005.WAV"
"U_Vietnam_Phase_1-2/AU19/20211111_000002.WAV",440,445,4.9757056,-8.078841,-6.7554455,-5.6253514,"background","background","non-gc","non-mm","non-sc","U_Vietnam_Phase_1-2","AU19","20211111_000002.WAV",2021-11-11,"07:00:02","00:07:20","07:07:22","07:07:27",7,7,5,0,0,7228041,"Phase_1-2","Phase_1-2/AU19/20211111_000002.WAV"
"U_Vietnam_Phase_1-2/AU22/20211022_223005.WAV",1185,1190,-5.083466,-5.8641505,3.449998,-3.8386106,"mm","non-background","non-gc","mm","non-sc","U_Vietnam_Phase_1-2","AU22","20211022_223005.WAV",2021-10-23,"05:30:05","00:19:45","05:49:50","05:49:55",5,19,15,0,0,7706733,"Phase_1-2","Phase_1-2/AU22/20211022_223005.WAV"
"U_Vietnam_Phase_1-2/AU24/20211118_223005.WAV",3195,3200,-2.856521,-5.6944633,-5.843307,2.4323735,"sc","non-background","non-gc","non-mm","sc","U_Vietnam_Phase_1-2","AU24","20211118_223005.WAV",2021-11-19,"05:30:05","00:53:15","06:23:20","06:23:25",6,53,50,0,30,8128828,"Phase_1-2","Phase_1-2/AU24/20211118_223005.WAV"
"Vietnam_Phase_3/AU32/20220112_000002.WAV",215,220,-2.2384925,-2.652078,-1.9648377,0.7047681,"sc","non-background","non-gc","non-mm","sc","Vietnam_Phase_3","AU32","20220112_000002.WAV",2022-01-12,"07:00:02","00:03:35","07:03:37","07:03:42",7,3,0,0,0,16132568,"Phase_3","Phase_3/AU32/20220112_000002.WAV"
"Vietnam_Phase_3/AU21/20220105_233010.WAV",855,860,-3.1559412,-8.275837,-6.5706005,3.1700454,"sc","non-background","non-gc","non-mm","sc","Vietnam_Phase_3","AU21","20220105_233010.WAV",2022-01-06,"06:30:10","00:14:15","06:44:25","06:44:30",6,14,10,0,0,11144675,"Phase_3","Phase_3/AU21/20220105_233010.WAV"
"Vietnam_Phase_3/AU15/20211209_030015.WAV",3200,3205,3.9948049,-8.930182,-3.5804899,-6.450277,"background","background","non-gc","non-mm","non-sc","Vietnam_Phase_3","AU15","20211209_030015.WAV",2021-12-09,"10:00:15","00:53:20","10:53:35","10:53:40",10,53,50,0,30,9671013,"Phase_3","Phase_3/AU15/20211209_030015.WAV"
"Vietnam_Phase_3/AU27/20220105_010005.WAV",3390,3395,-5.004252,-1.0289353,-10.001384,1.1644226,"sc","non-background","non-gc","non-mm","sc","Vietnam_Phase_3","AU27","20220105_010005.WAV",2022-01-05,"08:00:05","00:56:30","08:56:35","08:56:40",8,56,55,9999,30,12416816,"Phase_3","Phase_3/AU27/20220105_010005.WAV"
"China_side/10/20220109_213000.WAV",1170,1175,-3.3481731,1.6483146,-4.8282566,-2.6362045,"gc","non-background","gc","non-mm","non-sc","China_side","10","20220109_213000.WAV",2022-01-10,"04:30:00","00:19:30","04:49:30","04:49:35",4,19,15,0,0,1500046,"China_side","China_side/10/20220109_213000.WAV"
"Vietnam_Phase_3/AU22/20211225_000002.WAV",965,970,-3.5368593,-4.3772063,-1.3599821,0.9590622,"sc","non-background","non-gc","non-mm","sc","Vietnam_Phase_3","AU22","20211225_000002.WAV",2021-12-25,"07:00:02","00:16:05","07:16:07","07:16:12",7,16,15,0,0,11295085,"Phase_3","Phase_3/AU22/20211225_000002.WAV"
"U_Vietnam_Phase_1-2/AU09/20211117_223005.WAV",3110,3115,-4.018526,-5.7901616,3.3915694,-5.2459183,"mm","non-background","non-gc","mm","non-sc","U_Vietnam_Phase_1-2","AU09","20211117_223005.WAV",2021-11-18,"05:30:05","00:51:50","06:21:55","06:22:00",6,51,50,0,30,3251673,"Phase_1-2","Phase_1-2/AU09/20211117_223005.WAV"
"U_Vietnam_Phase_1-2/AU30/20211026_213000.WAV",2345,2350,-3.2503834,-9.4169655,-9.167589,3.5624347,"sc","non-background","non-gc","non-mm","sc","U_Vietnam_Phase_1-2","AU30","20211026_213000.WAV",2021-10-27,"04:30:00","00:39:05","05:09:05","05:09:10",5,39,35,0,30,12741859,"Phase_1-2","Phase_1-2/AU30/20211026_213000.WAV"
"Vietnam_Phase_3/AU15/20211220_000002.WAV",130,135,-2.7652156,-7.429268,2.753902,-5.8589163,"mm","non-background","non-gc","mm","non-sc","Vietnam_Phase_3","AU15","20211220_000002.WAV",2021-12-20,"07:00:02","00:02:10","07:02:12","07:02:17",7,2,0,0,0,9727563,"Phase_3","Phase_3/AU15/20211220_000002.WAV"
